mean_fit_time,std_fit_time,mean_score_time,std_score_time,param_model_gdb__n_estimators,param_model_gdb__min_samples_split,param_model_gdb__min_samples_leaf,param_model_gdb__max_features,param_model_gdb__max_depth,param_model_gdb__learning_rate,params,split0_test_score,split1_test_score,split2_test_score,split3_test_score,split4_test_score,mean_test_score,std_test_score,rank_test_score,split0_train_score,split1_train_score,split2_train_score,split3_train_score,split4_train_score,mean_train_score,std_train_score
15.345873689651489,0.5165075697814292,0.33394622802734375,0.034053952373519,400,2,100,15,6,0.01,"{'model_gdb__n_estimators': 400, 'model_gdb__min_samples_split': 2, 'model_gdb__min_samples_leaf': 100, 'model_gdb__max_features': 15, 'model_gdb__max_depth': 6, 'model_gdb__learning_rate': 0.01}",0.816616490975648,0.7480178836180709,0.7579082801607957,0.7993314562371661,0.8002469082229056,0.7844242038429172,0.02659865357385097,69,0.7965506137700002,0.8013226679996169,0.8014070561396984,0.7992705285978063,0.7992537450593831,0.7995609223133011,0.0017749705276096529
6.708428287506104,0.3525172527599126,0.13790059089660645,0.012474378263136294,200,5,100,15,5,0.01,"{'model_gdb__n_estimators': 200, 'model_gdb__min_samples_split': 5, 'model_gdb__min_samples_leaf': 100, 'model_gdb__max_features': 15, 'model_gdb__max_depth': 5, 'model_gdb__learning_rate': 0.01}",0.7233693450289308,0.651011770598172,0.6537126732807266,0.6907729140847196,0.6953014255546021,0.6828336257094302,0.027284732751893834,86,0.6918812499300292,0.6996519097729219,0.69509574072633,0.6941075654322117,0.6915100905015321,0.6944493112726049,0.0029269660132604037
9.26744465827942,0.16773782664954515,0.231773042678833,0.016177482742510945,200,8,50,sqrt,10,0.1,"{'model_gdb__n_estimators': 200, 'model_gdb__min_samples_split': 8, 'model_gdb__min_samples_leaf': 50, 'model_gdb__max_features': 'sqrt', 'model_gdb__max_depth': 10, 'model_gdb__learning_rate': 0.1}",0.888802557575929,0.847548229750035,0.845719044318129,0.8771403525572532,0.885400739913465,0.8689221848229624,0.01859861265967503,10,0.9151160321704516,0.9164107927829551,0.9185952010117525,0.9161052543973538,0.9111727112648302,0.9154799983254687,0.0024350361163189348
1.9255602836608887,0.11050537883982602,0.0697474479675293,0.00977046902526266,100,8,50,log2,6,0.2,"{'model_gdb__n_estimators': 100, 'model_gdb__min_samples_split': 8, 'model_gdb__min_samples_leaf': 50, 'model_gdb__max_features': 'log2', 'model_gdb__max_depth': 6, 'model_gdb__learning_rate': 0.2}",0.8661362316884492,0.8279756544112705,0.8157776398200355,0.843917772478799,0.8626095783495485,0.8432833753496205,0.019427040084917493,41,0.8786577960606967,0.8727105285637402,0.8748055348937114,0.8672213262894621,0.8697290680321771,0.8726248507679575,0.0039684452191943356
1.6827123165130615,0.18521408447100535,0.05607624053955078,0.006032111084519126,100,5,50,log2,5,0.2,"{'model_gdb__n_estimators': 100, 'model_gdb__min_samples_split': 5, 'model_gdb__min_samples_leaf': 50, 'model_gdb__max_features': 'log2', 'model_gdb__max_depth': 5, 'model_gdb__learning_rate': 0.2}",0.8460100379790017,0.8070948198580307,0.8125679263911483,0.8476558807103594,0.8600643567204855,0.8346786043318051,0.020933202143660117,46,0.8553966876463519,0.8567105680082221,0.8604492591891926,0.8613947292137288,0.8622764102202376,0.8592455308555464,0.0027016245443667675
18.73653130531311,0.6779813994640718,0.42644076347351073,0.04575429835032346,400,5,100,15,8,0.1,"{'model_gdb__n_estimators': 400, 'model_gdb__min_samples_split': 5, 'model_gdb__min_samples_leaf': 100, 'model_gdb__max_features': 15, 'model_gdb__max_depth': 8, 'model_gdb__learning_rate': 0.1}",0.8793461115350977,0.8392833165581731,0.8400000180210001,0.8782411535097576,0.8809022447148411,0.8635545688677739,0.019544416081451667,12,0.9167563419514119,0.9146466713986123,0.9150282594362081,0.9168286755054637,0.9139374657238738,0.9154394828031138,0.0011591103715905477
5.8987743854522705,0.2788620653849458,0.11015596389770507,0.010650739584104028,100,2,150,15,10,0.1,"{'model_gdb__n_estimators': 100, 'model_gdb__min_samples_split': 2, 'model_gdb__min_samples_leaf': 150, 'model_gdb__max_features': 15, 'model_gdb__max_depth': 10, 'model_gdb__learning_rate': 0.1}",0.8499348520298428,0.7884299037749027,0.7870410893507338,0.828251466770112,0.8309470374307553,0.8169208698712694,0.024978291588966316,60,0.8342428800080429,0.8454252547123245,0.8408893477476709,0.8440156766213525,0.830173138826012,0.8389492595830805,0.00584022843479686
3.1225168228149416,0.13246678342637336,0.10080275535583497,0.006936366146715792,300,10,50,log2,3,0.01,"{'model_gdb__n_estimators': 300, 'model_gdb__min_samples_split': 10, 'model_gdb__min_samples_leaf': 50, 'model_gdb__max_features': 'log2', 'model_gdb__max_depth': 3, 'model_gdb__learning_rate': 0.01}",0.6681505641986061,0.6032957139402677,0.602852189094107,0.6244396320272311,0.6454640042344599,0.6288404206989344,0.02517505939533327,88,0.6466770080446284,0.6377819632703813,0.6400667067807383,0.629432911862627,0.6369209252830299,0.638175903048281,0.005550026622024565
7.737040233612061,0.12692729249797519,0.1969517707824707,0.0074359311693424175,200,10,150,sqrt,10,0.1,"{'model_gdb__n_estimators': 200, 'model_gdb__min_samples_split': 10, 'model_gdb__min_samples_leaf': 150, 'model_gdb__max_features': 'sqrt', 'model_gdb__max_depth': 10, 'model_gdb__learning_rate': 0.1}",0.8556981373083856,0.8056455538930976,0.8059930729882657,0.8381829920101194,0.8434656244101221,0.829797076121998,0.020385996955421287,50,0.8550850072088614,0.8681488730542922,0.8645833819324922,0.8610078373508196,0.8563812931891407,0.8610412785471212,0.004904246041466567
9.618166446685791,0.3769675043624277,0.2138050079345703,0.0345053594402952,400,8,150,15,4,0.2,"{'model_gdb__n_estimators': 400, 'model_gdb__min_samples_split': 8, 'model_gdb__min_samples_leaf': 150, 'model_gdb__max_features': 15, 'model_gdb__max_depth': 4, 'model_gdb__learning_rate': 0.2}",0.8667866414377646,0.8325106820497411,0.8322469559586907,0.859081091723279,0.8613581904376917,0.8503967123214334,0.014923310352824425,30,0.891968601058239,0.8944289203002117,0.8952720452373232,0.8926464237700519,0.8874613789841732,0.8923554738699998,0.0027200020517618366
12.06749086380005,0.5567010704924222,0.3172141551971436,0.013303378642086921,350,2,50,sqrt,8,0.2,"{'model_gdb__n_estimators': 350, 'model_gdb__min_samples_split': 2, 'model_gdb__min_samples_leaf': 50, 'model_gdb__max_features': 'sqrt', 'model_gdb__max_depth': 8, 'model_gdb__learning_rate': 0.2}",0.8797918560330396,0.8701670054055918,0.8510792989822068,0.8709399866039882,0.893184039328617,0.8730324372706887,0.013757224558647134,4,0.9491142477906281,0.9465670017302337,0.9491717181506987,0.9465062108453163,0.9455837127990204,0.9473885782631795,0.0014743556409316414
4.593783569335938,0.24837095729598851,0.12724218368530274,0.01355135557016589,200,10,150,sqrt,5,0.2,"{'model_gdb__n_estimators': 200, 'model_gdb__min_samples_split': 10, 'model_gdb__min_samples_leaf': 150, 'model_gdb__max_features': 'sqrt', 'model_gdb__max_depth': 5, 'model_gdb__learning_rate': 0.2}",0.8588793697152642,0.809098465208103,0.8178378716720924,0.8386263008639966,0.8465555090134784,0.834199503294587,0.018325546774694685,47,0.8683110803603887,0.8699487681498911,0.8662714582187625,0.8628152943153242,0.8602637322684105,0.8655220666625553,0.003547183905849241
5.223326110839844,0.22050345098683974,0.223640775680542,0.05173848820521801,400,2,100,log2,4,0.2,"{'model_gdb__n_estimators': 400, 'model_gdb__min_samples_split': 2, 'model_gdb__min_samples_leaf': 100, 'model_gdb__max_features': 'log2', 'model_gdb__max_depth': 4, 'model_gdb__learning_rate': 0.2}",0.8646503167473465,0.825118382290198,0.8240173117468395,0.8549821315831418,0.8623200513995507,0.8462176387534152,0.017966083536019885,38,0.8799932590443488,0.8780309815948504,0.8758974847495494,0.8783551458737232,0.8795700121870755,0.8783693766899094,0.0014355126623907472
10.207977390289306,0.1390162944242262,0.2826590061187744,0.013619624495425172,300,2,150,sqrt,8,0.2,"{'model_gdb__n_estimators': 300, 'model_gdb__min_samples_split': 2, 'model_gdb__min_samples_leaf': 150, 'model_gdb__max_features': 'sqrt', 'model_gdb__max_depth': 8, 'model_gdb__learning_rate': 0.2}",0.8681733851851758,0.8296956092584711,0.8317538964796238,0.8562046671436,0.8635190841386655,0.8498693284411072,0.016103655865544363,32,0.8972334878735853,0.9009425123737491,0.9011199814339027,0.9011768523819936,0.8936192895827508,0.8988184247291964,0.0029971360892518326
6.023511219024658,0.24537431591698478,0.11270256042480468,0.01029098474996015,100,5,100,15,10,0.2,"{'model_gdb__n_estimators': 100, 'model_gdb__min_samples_split': 5, 'model_gdb__min_samples_leaf': 100, 'model_gdb__max_features': 15, 'model_gdb__max_depth': 10, 'model_gdb__learning_rate': 0.2}",0.8724214700317489,0.827921473260711,0.8261681672933558,0.855344332534486,0.8686774770547735,0.8501065840350149,0.019674822236085097,31,0.8882570555471655,0.8926630865161708,0.8946770822545401,0.8865994532827534,0.888468885683168,0.8901331126567597,0.003027355866245272
4.070603752136231,0.2112572569381724,0.1415351390838623,0.030724104290201726,400,5,50,log2,3,0.2,"{'model_gdb__n_estimators': 400, 'model_gdb__min_samples_split': 5, 'model_gdb__min_samples_leaf': 50, 'model_gdb__max_features': 'log2', 'model_gdb__max_depth': 3, 'model_gdb__learning_rate': 0.2}",0.8671877978946001,0.841127820785625,0.8348101095543797,0.8579676033787682,0.8786238596079637,0.8559434382442674,0.016192927368874545,25,0.8908557443802672,0.8850081036371457,0.8869408057312372,0.8852230210500031,0.8849097438644642,0.8865874837326235,0.0022589332152321115
5.36890549659729,0.32253660785583643,0.1884307384490967,0.018683451528434893,350,8,50,log2,5,0.1,"{'model_gdb__n_estimators': 350, 'model_gdb__min_samples_split': 8, 'model_gdb__min_samples_leaf': 50, 'model_gdb__max_features': 'log2', 'model_gdb__max_depth': 5, 'model_gdb__learning_rate': 0.1}",0.8717356387865725,0.843970772518598,0.8396942159094196,0.8659098682117131,0.8782635691901035,0.8599148129232812,0.015332543406519487,19,0.8905186092201102,0.8927521358404291,0.897368029258688,0.8917997122997646,0.8875595856711932,0.891999614458037,0.003204164756015398
5.339270353317261,0.23951880440062126,0.15812721252441406,0.02545929888559567,300,5,150,sqrt,4,0.1,"{'model_gdb__n_estimators': 300, 'model_gdb__min_samples_split': 5, 'model_gdb__min_samples_leaf': 150, 'model_gdb__max_features': 'sqrt', 'model_gdb__max_depth': 4, 'model_gdb__learning_rate': 0.1}",0.8420482209378101,0.7934218641029416,0.7978870487756855,0.8353381284786973,0.8282491921369126,0.8193888908864093,0.019914537657355045,59,0.8385140632310346,0.8454042246368937,0.8456078314923615,0.8441544184254552,0.837259458349007,0.8421879992269504,0.003569159115618288
3.7177863121032715,0.0837599086394902,0.10395073890686035,0.03148970211075159,100,8,50,sqrt,8,0.1,"{'model_gdb__n_estimators': 100, 'model_gdb__min_samples_split': 8, 'model_gdb__min_samples_leaf': 50, 'model_gdb__max_features': 'sqrt', 'model_gdb__max_depth': 8, 'model_gdb__learning_rate': 0.1}",0.8749296787926254,0.8200142015464116,0.8215579640864524,0.8590912060731802,0.8649486150960283,0.8481083331189396,0.02288145757472614,34,0.8758896897705668,0.8778184694966152,0.8777769638394517,0.8781784750120684,0.8732794495532288,0.8765886095343862,0.0018380120965509647
17.783283948898315,0.8464498143887086,0.3408196449279785,0.03834136095728033,300,5,50,15,10,0.2,"{'model_gdb__n_estimators': 300, 'model_gdb__min_samples_split': 5, 'model_gdb__min_samples_leaf': 50, 'model_gdb__max_features': 15, 'model_gdb__max_depth': 10, 'model_gdb__learning_rate': 0.2}",0.8818564238963669,0.8698170442567542,0.8493920198517494,0.8706536363779134,0.8898740727432219,0.872318639425201,0.013666182131099677,7,0.9585495817106878,0.9563937787693809,0.9590069229070928,0.9557083270829578,0.9568020839871867,0.9572921388914611,0.001271008357705995
7.977768754959106,0.24655872913329702,0.22933077812194824,0.020533536387495215,300,2,50,sqrt,6,0.2,"{'model_gdb__n_estimators': 300, 'model_gdb__min_samples_split': 2, 'model_gdb__min_samples_leaf': 50, 'model_gdb__max_features': 'sqrt', 'model_gdb__max_depth': 6, 'model_gdb__learning_rate': 0.2}",0.8788451730526265,0.8637006274654527,0.8478387118458517,0.8756485321936792,0.8984931204066915,0.8729052329928603,0.016796450851595656,5,0.9328092562291564,0.928441348162137,0.9334392415490927,0.9307371012251323,0.9285075360314928,0.9307868966394024,0.0020892311434403247
4.25180721282959,0.15424697749388516,0.1009291648864746,0.009579790908141579,300,10,50,sqrt,3,0.2,"{'model_gdb__n_estimators': 300, 'model_gdb__min_samples_split': 10, 'model_gdb__min_samples_leaf': 50, 'model_gdb__max_features': 'sqrt', 'model_gdb__max_depth': 3, 'model_gdb__learning_rate': 0.2}",0.8658279151589763,0.8516382397550901,0.842373395513108,0.864194084152765,0.8804044742803077,0.8608876217720495,0.012996725477719637,15,0.8953823391916015,0.890345979727718,0.8959994069608721,0.8958059986217103,0.8929277803936883,0.8940923009791181,0.0021738924783952437
3.7439321517944335,0.14224605155989953,0.09794564247131347,0.012910973493563896,100,5,50,sqrt,8,0.1,"{'model_gdb__n_estimators': 100, 'model_gdb__min_samples_split': 5, 'model_gdb__min_samples_leaf': 50, 'model_gdb__max_features': 'sqrt', 'model_gdb__max_depth': 8, 'model_gdb__learning_rate': 0.1}",0.8715500083975853,0.8166968799984091,0.8242367604876288,0.8580423423044137,0.8624919024796124,0.8466035787335299,0.021910242737829353,37,0.8756016177225081,0.8778420698321858,0.880357766872315,0.8730102672151512,0.8772603774752921,0.8768144198234904,0.002439373570393333
2.496417999267578,0.1256646007023237,0.08401322364807129,0.007420884709188583,200,2,100,log2,4,0.2,"{'model_gdb__n_estimators': 200, 'model_gdb__min_samples_split': 2, 'model_gdb__min_samples_leaf': 100, 'model_gdb__max_features': 'log2', 'model_gdb__max_depth': 4, 'model_gdb__learning_rate': 0.2}",0.8337886855740921,0.8091896631632858,0.806768030858686,0.8323432851212864,0.833137030092121,0.8230453389618944,0.012334050753937988,58,0.8487399081295426,0.8516505555957359,0.8452888403122264,0.8508864278169357,0.8432762388894249,0.847968394148773,0.003220707902723655
5.802788925170899,0.3240896030169875,0.11950898170471191,0.021677776176849774,300,8,100,15,3,0.01,"{'model_gdb__n_estimators': 300, 'model_gdb__min_samples_split': 8, 'model_gdb__min_samples_leaf': 100, 'model_gdb__max_features': 15, 'model_gdb__max_depth': 3, 'model_gdb__learning_rate': 0.01}",0.7260518171908352,0.6585294302577878,0.6661502056737585,0.6990270118350859,0.7058995203162688,0.6911315970547471,0.025246077325206503,83,0.7022817685891944,0.70347024026965,0.7035218314369306,0.7009628392425962,0.7046176111596143,0.702970858139597,0.0012467344460079246
2.90747652053833,0.1627132418815696,0.08380007743835449,0.012771480253929558,200,8,100,sqrt,3,0.01,"{'model_gdb__n_estimators': 200, 'model_gdb__min_samples_split': 8, 'model_gdb__min_samples_leaf': 100, 'model_gdb__max_features': 'sqrt', 'model_gdb__max_depth': 3, 'model_gdb__learning_rate': 0.01}",0.6193135467709037,0.5557580679875449,0.5486576985213198,0.5778721351682343,0.5886083267644713,0.5780419550424949,0.02519931541742006,91,0.586056529552606,0.5899385079822321,0.5875142654723993,0.5799826640373102,0.5838732669613387,0.5854730468011773,0.0033808569261117834
12.430733823776245,0.21992993567051625,0.23970885276794435,0.031840922268445024,200,5,150,15,10,0.01,"{'model_gdb__n_estimators': 200, 'model_gdb__min_samples_split': 5, 'model_gdb__min_samples_leaf': 150, 'model_gdb__max_features': 15, 'model_gdb__max_depth': 10, 'model_gdb__learning_rate': 0.01}",0.7501209023907751,0.6691890166173546,0.6666849163038475,0.7223594526118033,0.7219142552313518,0.7060537086310263,0.03276662667303543,82,0.7101616022352256,0.7208101649028829,0.7193671519420499,0.7183519841788246,0.7123732577058501,0.7162128321929666,0.004171831458419692
5.849477338790893,0.30619377902686384,0.23125052452087402,0.0254863555824626,200,8,50,log2,10,0.1,"{'model_gdb__n_estimators': 200, 'model_gdb__min_samples_split': 8, 'model_gdb__min_samples_leaf': 50, 'model_gdb__max_features': 'log2', 'model_gdb__max_depth': 10, 'model_gdb__learning_rate': 0.1}",0.873402186982429,0.8367464330879943,0.8288041057475772,0.8703747862307598,0.8800903477540915,0.8578835719605703,0.020892068984355416,22,0.896036875226498,0.8997232044914606,0.8951560735365904,0.8995344585963784,0.8956439105448638,0.8972189044791582,0.001988284686166276
4.408730363845825,0.3207024653437476,0.13453521728515624,0.03476057558804744,200,5,150,sqrt,5,0.1,"{'model_gdb__n_estimators': 200, 'model_gdb__min_samples_split': 5, 'model_gdb__min_samples_leaf': 150, 'model_gdb__max_features': 'sqrt', 'model_gdb__max_depth': 5, 'model_gdb__learning_rate': 0.1}",0.8473745491973117,0.7907826642931761,0.7964442591899008,0.8280514595035402,0.8199068187272268,0.8165119501822312,0.020793719243581282,61,0.841802180704981,0.8411327598575864,0.8435417323568826,0.8342172065486624,0.8296620309633305,0.8380711820862885,0.005268538306947282
3.3950151443481444,0.10203991680951001,0.12022032737731933,0.005533921112239312,200,10,150,log2,6,0.1,"{'model_gdb__n_estimators': 200, 'model_gdb__min_samples_split': 10, 'model_gdb__min_samples_leaf': 150, 'model_gdb__max_features': 'log2', 'model_gdb__max_depth': 6, 'model_gdb__learning_rate': 0.1}",0.8258616148031823,0.7842572109090373,0.7866123314447998,0.8121584311071319,0.8235174370982742,0.806481405072485,0.01781427761108817,64,0.8159581109575954,0.8325959639108197,0.8273052919582821,0.8176067959386086,0.8271967444440307,0.8241325814418673,0.00633232775325693
4.098296403884888,0.151397350027807,0.13246941566467285,0.012285639141577107,400,5,150,log2,3,0.1,"{'model_gdb__n_estimators': 400, 'model_gdb__min_samples_split': 5, 'model_gdb__min_samples_leaf': 150, 'model_gdb__max_features': 'log2', 'model_gdb__max_depth': 3, 'model_gdb__learning_rate': 0.1}",0.8219116133564807,0.7776743450780884,0.7795125882414584,0.8116169136031479,0.8124366277109282,0.8006304175980208,0.01836258678336995,65,0.813057480147066,0.8230631871225017,0.8180330246755961,0.818099775941935,0.817725782397869,0.8179958500569935,0.0031670339873479257
8.804336500167846,0.230912447760292,0.1551966190338135,0.013139948465771234,100,5,50,15,10,0.01,"{'model_gdb__n_estimators': 100, 'model_gdb__min_samples_split': 5, 'model_gdb__min_samples_leaf': 50, 'model_gdb__max_features': 15, 'model_gdb__max_depth': 10, 'model_gdb__learning_rate': 0.01}",0.6509299814636098,0.5842930747606435,0.589089810767886,0.6195925250422557,0.6263046553437436,0.6140420094756277,0.024696212345845136,90,0.6270475578164513,0.6369070706144119,0.6335392291930084,0.6300331860716012,0.6262945421994894,0.6307643171789924,0.003994027983790578
3.32853045463562,0.1793887292428387,0.06809139251708984,0.003921913163695485,100,10,50,15,5,0.01,"{'model_gdb__n_estimators': 100, 'model_gdb__min_samples_split': 10, 'model_gdb__min_samples_leaf': 50, 'model_gdb__max_features': 15, 'model_gdb__max_depth': 5, 'model_gdb__learning_rate': 0.01}",0.5769547112137701,0.5224796356736541,0.52314158410842,0.5544704710310333,0.563189887084574,0.5480472578222904,0.02181831174017695,93,0.5545770485397379,0.5646547928864867,0.5552238738542116,0.5634121779778187,0.5610402425532182,0.5597816271622946,0.004156284637931557
16.528445196151733,0.516761996881682,0.3283658981323242,0.021608561420854894,300,10,150,15,10,0.2,"{'model_gdb__n_estimators': 300, 'model_gdb__min_samples_split': 10, 'model_gdb__min_samples_leaf': 150, 'model_gdb__max_features': 15, 'model_gdb__max_depth': 10, 'model_gdb__learning_rate': 0.2}",0.8684098813968916,0.8230722304209392,0.8349248835810825,0.8537893991586957,0.8644153080942096,0.8489223405303636,0.01736457051796528,33,0.9143486289570558,0.9148410402378097,0.9174737388101832,0.9120943716200071,0.9101100487869231,0.9137735656823958,0.002506093757802936
6.838554382324219,0.27936987549076925,0.2928978443145752,0.03467595170240011,400,10,100,log2,6,0.1,"{'model_gdb__n_estimators': 400, 'model_gdb__min_samples_split': 10, 'model_gdb__min_samples_leaf': 100, 'model_gdb__max_features': 'log2', 'model_gdb__max_depth': 6, 'model_gdb__learning_rate': 0.1}",0.8644977707534091,0.8218122268590661,0.8229492042713775,0.856211817543691,0.8625631916562716,0.8456068422167631,0.01916456493772328,40,0.8806450045159833,0.8754724642128208,0.8763476317397784,0.8793244722120018,0.8764379867174809,0.877645511879613,0.001983966225019229
5.617767572402954,0.19722803626344493,0.16501760482788086,0.02282669218597963,300,2,150,sqrt,4,0.01,"{'model_gdb__n_estimators': 300, 'model_gdb__min_samples_split': 2, 'model_gdb__min_samples_leaf': 150, 'model_gdb__max_features': 'sqrt', 'model_gdb__max_depth': 4, 'model_gdb__learning_rate': 0.01}",0.7207820022844991,0.6532405119104172,0.6509672259599564,0.6925160067969043,0.7007858991674565,0.6836583292238467,0.027363958223909093,85,0.6885757227521003,0.6961475172494933,0.6948410065720252,0.6929044895541423,0.6939583028803625,0.6932854078016247,0.002584205014700587
4.72792649269104,0.14026476328958076,0.09399991035461426,0.009405749037644026,100,10,150,15,8,0.2,"{'model_gdb__n_estimators': 100, 'model_gdb__min_samples_split': 10, 'model_gdb__min_samples_leaf': 150, 'model_gdb__max_features': 15, 'model_gdb__max_depth': 8, 'model_gdb__learning_rate': 0.2}",0.8540991902009795,0.804199356700781,0.8071566853853112,0.8294284080137557,0.8524149655825983,0.8294597211766852,0.021305206307451557,52,0.8523374184355575,0.8701461175228424,0.8628149749546897,0.8594282664797243,0.8627601199150213,0.861497379461567,0.005767449278814405
11.299361991882325,0.2982364795077663,0.2173159122467041,0.031107445456976586,200,10,100,15,10,0.2,"{'model_gdb__n_estimators': 200, 'model_gdb__min_samples_split': 10, 'model_gdb__min_samples_leaf': 100, 'model_gdb__max_features': 15, 'model_gdb__max_depth': 10, 'model_gdb__learning_rate': 0.2}",0.8744390946367061,0.8265744157249911,0.8352945651266108,0.8693783699053155,0.8819554085190426,0.8575283707825332,0.02225113336759523,23,0.9197373457269697,0.9138249959671013,0.918636186128019,0.9168983612205174,0.9179391986079196,0.9174072175301055,0.0020156443717030716
3.1245501041412354,0.10526718665995922,0.09541878700256348,0.011428998573236229,100,2,50,sqrt,6,0.01,"{'model_gdb__n_estimators': 100, 'model_gdb__min_samples_split': 2, 'model_gdb__min_samples_leaf': 50, 'model_gdb__max_features': 'sqrt', 'model_gdb__max_depth': 6, 'model_gdb__learning_rate': 0.01}",0.5729109513472124,0.503254116197468,0.5112387168572556,0.5438700884888439,0.5432551446668481,0.5349058035115256,0.025125371501422796,95,0.5457128602756984,0.5448707566414316,0.5458981319087015,0.5539433781164477,0.5421140451678788,0.5465078344220317,0.0039566763514170085
4.325738954544067,0.12474935776301657,0.1595388412475586,0.0054669499627975635,200,8,100,log2,8,0.1,"{'model_gdb__n_estimators': 200, 'model_gdb__min_samples_split': 8, 'model_gdb__min_samples_leaf': 100, 'model_gdb__max_features': 'log2', 'model_gdb__max_depth': 8, 'model_gdb__learning_rate': 0.1}",0.844805355498889,0.7990458312787087,0.8088317577330727,0.8391502185152664,0.8381664124025756,0.8259999150857025,0.01841666086533655,56,0.8514086220449296,0.8549561644787012,0.8560135587383868,0.8566809317608779,0.8554469662360624,0.8549012486517917,0.0018386826666010785
1.6003323078155518,0.0258806336381912,0.06207461357116699,0.0037853981491552456,100,10,100,log2,5,0.1,"{'model_gdb__n_estimators': 100, 'model_gdb__min_samples_split': 10, 'model_gdb__min_samples_leaf': 100, 'model_gdb__max_features': 'log2', 'model_gdb__max_depth': 5, 'model_gdb__learning_rate': 0.1}",0.8141694115159533,0.7605485407760019,0.7647838517663809,0.794235024378776,0.8006886661044994,0.7868850989083223,0.02083781661171728,67,0.8043602161285612,0.8047660984390685,0.8099266528598642,0.7984671400632297,0.797181795569203,0.8029403806119852,0.0046331061093337865
1.5244863033294678,0.08566373728602318,0.046321439743041995,0.0047003090562080735,100,10,50,sqrt,3,0.01,"{'model_gdb__n_estimators': 100, 'model_gdb__min_samples_split': 10, 'model_gdb__min_samples_leaf': 50, 'model_gdb__max_features': 'sqrt', 'model_gdb__max_depth': 3, 'model_gdb__learning_rate': 0.01}",0.4512488990566811,0.39942559043292414,0.39511324966659045,0.43092997631402896,0.43021563876820335,0.4213866708476856,0.02113461492866352,100,0.4311275370562534,0.42761635086813876,0.4200606898860484,0.43762685801078205,0.4236050946658866,0.4280073060974218,0.006081983902319864
18.50343999862671,0.4381069963996571,0.38962593078613283,0.024550098820296566,350,8,100,15,8,0.01,"{'model_gdb__n_estimators': 350, 'model_gdb__min_samples_split': 8, 'model_gdb__min_samples_leaf': 100, 'model_gdb__max_features': 15, 'model_gdb__max_depth': 8, 'model_gdb__learning_rate': 0.01}",0.8217523471489998,0.7463881726086312,0.7568501851748655,0.798394953376754,0.8017001011285102,0.7850171518875522,0.02860886922925289,68,0.7988765691129058,0.801927539596674,0.8056029143812544,0.7970590710019835,0.7994296967854894,0.8005791581756613,0.0029552442736318486
8.58790283203125,0.34069708773387736,0.2268670082092285,0.007271230562803992,400,10,50,sqrt,5,0.1,"{'model_gdb__n_estimators': 400, 'model_gdb__min_samples_split': 10, 'model_gdb__min_samples_leaf': 50, 'model_gdb__max_features': 'sqrt', 'model_gdb__max_depth': 5, 'model_gdb__learning_rate': 0.1}",0.8802613104549961,0.8633924527381123,0.8552225281557004,0.8760478835121729,0.8858958209525954,0.8721639991627155,0.011253154260327,8,0.9120494157221077,0.9116664295164761,0.9147178488515317,0.9142488157129803,0.9087608208848074,0.9122886661375806,0.0021275914230491177
8.037706327438354,0.27760657756328666,0.23306312561035156,0.012183869390117728,350,2,50,sqrt,5,0.01,"{'model_gdb__n_estimators': 350, 'model_gdb__min_samples_split': 2, 'model_gdb__min_samples_leaf': 50, 'model_gdb__max_features': 'sqrt', 'model_gdb__max_depth': 5, 'model_gdb__learning_rate': 0.01}",0.7966189940465698,0.7407619137734205,0.7472114318959528,0.7792645055034761,0.7866444045031713,0.7701002499445181,0.022115932626544422,72,0.7837100438542004,0.7912497537235232,0.7890420981509968,0.7844163649732201,0.7881366242785962,0.7873109769961073,0.002847382455939046
14.845115613937377,0.34255761886231706,0.43201894760131837,0.03264252202807452,400,10,150,sqrt,10,0.2,"{'model_gdb__n_estimators': 400, 'model_gdb__min_samples_split': 10, 'model_gdb__min_samples_leaf': 150, 'model_gdb__max_features': 'sqrt', 'model_gdb__max_depth': 10, 'model_gdb__learning_rate': 0.2}",0.8676864981671955,0.8371525728353872,0.8310409156033504,0.857459983875412,0.8651187923402968,0.8516917525643283,0.014881092640551544,27,0.9131422087419225,0.919944648680707,0.9176521572914507,0.9126351910672691,0.9111310519908803,0.9149010515544459,0.003330075171644301
15.339570713043212,0.5075898226288248,0.48831934928894044,0.07150526828794013,350,10,50,sqrt,10,0.1,"{'model_gdb__n_estimators': 350, 'model_gdb__min_samples_split': 10, 'model_gdb__min_samples_leaf': 50, 'model_gdb__max_features': 'sqrt', 'model_gdb__max_depth': 10, 'model_gdb__learning_rate': 0.1}",0.8832380143406238,0.8713013011774252,0.8555744919931142,0.8853464509335468,0.8943099234807212,0.8779540363850862,0.013380479449642735,2,0.9344773537769288,0.9369928441800615,0.9396380694312756,0.9380861917344987,0.9334162723406235,0.9365221462926776,0.0022892968828629396
18.981110429763795,0.2721356860962111,0.3840950965881348,0.039581475254435776,350,10,150,15,10,0.2,"{'model_gdb__n_estimators': 350, 'model_gdb__min_samples_split': 10, 'model_gdb__min_samples_leaf': 150, 'model_gdb__max_features': 15, 'model_gdb__max_depth': 10, 'model_gdb__learning_rate': 0.2}",0.866878354508404,0.8237907555767883,0.8410800053232348,0.8567875241992213,0.8688572034296589,0.8514787686074616,0.016982935389095864,28,0.9185227416054291,0.9224000631199493,0.9256804932531081,0.9175311585907904,0.9175139282510478,0.920329676964065,0.0032231318646393633
11.243798685073852,0.20091849817028357,0.32834701538085936,0.021918785647204488,350,10,150,sqrt,8,0.1,"{'model_gdb__n_estimators': 350, 'model_gdb__min_samples_split': 10, 'model_gdb__min_samples_leaf': 150, 'model_gdb__max_features': 'sqrt', 'model_gdb__max_depth': 8, 'model_gdb__learning_rate': 0.1}",0.8669506479431092,0.8223019501605462,0.8267356432466855,0.8522707466229653,0.8603050722267607,0.8457128120400134,0.01797324470733529,39,0.8787370396764025,0.8855590922677921,0.885044740679233,0.8776236308501733,0.8786486780678895,0.881122636308298,0.003438593434485122
11.942999172210694,0.07647820819066473,0.24525752067565917,0.013986582218762459,400,5,50,15,5,0.1,"{'model_gdb__n_estimators': 400, 'model_gdb__min_samples_split': 5, 'model_gdb__min_samples_leaf': 50, 'model_gdb__max_features': 15, 'model_gdb__max_depth': 5, 'model_gdb__learning_rate': 0.1}",0.8830810209532673,0.8687532373700516,0.8622746235941651,0.8765228725423698,0.8921759798006335,0.8765615468520973,0.01050144206961921,3,0.9202386213208273,0.9199480896219088,0.9234387296417738,0.9213763282798358,0.9195856489630473,0.9209174835654785,0.0013958210646356857
8.268848180770874,0.14146186445151365,0.16477293968200685,0.006998399790098357,200,8,50,15,6,0.01,"{'model_gdb__n_estimators': 200, 'model_gdb__min_samples_split': 8, 'model_gdb__min_samples_leaf': 50, 'model_gdb__max_features': 15, 'model_gdb__max_depth': 6, 'model_gdb__learning_rate': 0.01}",0.7685366692045968,0.7039723279468557,0.7108626282453362,0.7391882052518268,0.7446907070923179,0.7334501075481866,0.023534984018343662,78,0.7525265061749877,0.7583193231486174,0.7504552387081823,0.7496877641265858,0.7463934024767583,0.7514764469270263,0.0039498651287979995
6.890086555480957,0.26965381993892434,0.27219481468200685,0.01477808098515853,400,5,100,log2,6,0.2,"{'model_gdb__n_estimators': 400, 'model_gdb__min_samples_split': 5, 'model_gdb__min_samples_leaf': 100, 'model_gdb__max_features': 'log2', 'model_gdb__max_depth': 6, 'model_gdb__learning_rate': 0.2}",0.8684675606889943,0.8352199112324032,0.8397623919547818,0.8617299775393871,0.8753526485358969,0.8561064979902927,0.015863246909754918,24,0.9013691240436945,0.8992865171028082,0.8997702804605618,0.8991013931426217,0.9011874031820214,0.9001429435863415,0.0009541054254984907
15.802551126480102,0.27066184294597606,0.4836125373840332,0.05244613234548869,400,10,150,sqrt,10,0.1,"{'model_gdb__n_estimators': 400, 'model_gdb__min_samples_split': 10, 'model_gdb__min_samples_leaf': 150, 'model_gdb__max_features': 'sqrt', 'model_gdb__max_depth': 10, 'model_gdb__learning_rate': 0.1}",0.8698334598129174,0.8273808604400364,0.8252686061980425,0.8533170314933161,0.8618028812062648,0.8475205678301154,0.018089810531029746,35,0.8910351872871791,0.8960147221131476,0.8952822910646323,0.8888201639126846,0.8882548398000785,0.8918814408355444,0.003221477702467293
4.608596467971802,0.13364217072334156,0.13272294998168946,0.014495248063367711,200,5,150,sqrt,5,0.01,"{'model_gdb__n_estimators': 200, 'model_gdb__min_samples_split': 5, 'model_gdb__min_samples_leaf': 150, 'model_gdb__max_features': 'sqrt', 'model_gdb__max_depth': 5, 'model_gdb__learning_rate': 0.01}",0.6793053758484366,0.6116063715305002,0.5988777053951074,0.6399712008649902,0.6510101262370119,0.6361541559752093,0.028598688605082762,87,0.6404929926635299,0.6538856627008279,0.6454016363388153,0.6394180778236471,0.6436918573004629,0.6445780453654567,0.005126564004275891
18.809435892105103,0.6096431741560486,0.46914968490600584,0.09000604231628073,400,2,100,15,8,0.1,"{'model_gdb__n_estimators': 400, 'model_gdb__min_samples_split': 2, 'model_gdb__min_samples_leaf': 100, 'model_gdb__max_features': 15, 'model_gdb__max_depth': 8, 'model_gdb__learning_rate': 0.1}",0.8820956558070217,0.8424244796883688,0.8371920444427386,0.8733637374520771,0.8873954388406656,0.8644942712461743,0.020714376332676258,11,0.9137134653720158,0.9140211759378162,0.9135042008389359,0.914446155760497,0.9127810384379216,0.9136932072694371,0.000555460291345307
1.0681917667388916,0.044879795424691116,0.04014821052551269,0.005832588062731671,100,10,100,log2,3,0.2,"{'model_gdb__n_estimators': 100, 'model_gdb__min_samples_split': 10, 'model_gdb__min_samples_leaf': 100, 'model_gdb__max_features': 'log2', 'model_gdb__max_depth': 3, 'model_gdb__learning_rate': 0.2}",0.8056565750799529,0.7583974129265284,0.7577950692495913,0.7913493350506258,0.7968413438082347,0.7820079472229866,0.020051282102836514,70,0.8067350777053459,0.8017076193596718,0.795586998291313,0.7956014410385113,0.8061381316866334,0.8011538536162952,0.004860430235203628
9.476160478591918,0.34223526105597224,0.2040837287902832,0.03081734676708398,400,10,150,15,4,0.1,"{'model_gdb__n_estimators': 400, 'model_gdb__min_samples_split': 10, 'model_gdb__min_samples_leaf': 150, 'model_gdb__max_features': 15, 'model_gdb__max_depth': 4, 'model_gdb__learning_rate': 0.1}",0.8537078529092056,0.8225245025582272,0.8223233604448623,0.8435235190540833,0.8511770556170261,0.8386512581166811,0.013667538649161148,44,0.8646957211248063,0.8735894089421202,0.8709028048915984,0.8689166367621881,0.8642748662726789,0.8684758875986784,0.0035824719581130857
4.4678267478942875,0.24089625377540802,0.14909148216247559,0.0042828132653426115,350,5,50,log2,4,0.01,"{'model_gdb__n_estimators': 350, 'model_gdb__min_samples_split': 5, 'model_gdb__min_samples_leaf': 50, 'model_gdb__max_features': 'log2', 'model_gdb__max_depth': 4, 'model_gdb__learning_rate': 0.01}",0.7368443858534472,0.6848621626338149,0.6797684603742842,0.7179210129575854,0.722934610165082,0.7084661263968427,0.02229242316430997,81,0.7196071691935071,0.7265346957015335,0.719757907866714,0.7180318729831795,0.7164128192503741,0.7200688929990616,0.0034534860941777615
6.354036664962768,0.2334343115102672,0.2925857067108154,0.08368475548947861,400,2,100,log2,5,0.01,"{'model_gdb__n_estimators': 400, 'model_gdb__min_samples_split': 2, 'model_gdb__min_samples_leaf': 100, 'model_gdb__max_features': 'log2', 'model_gdb__max_depth': 5, 'model_gdb__learning_rate': 0.01}",0.7577825942744507,0.6902142968338134,0.6855787809448461,0.7335730387204139,0.7359948642495673,0.7206287150046183,0.028062856284197444,80,0.7333242219965166,0.7357584044046317,0.7327319561859862,0.7321834491118115,0.7339892217460409,0.7335974506889975,0.0012366358102264463
2.7859182834625242,0.07421590224468001,0.07396059036254883,0.010421865319835296,200,2,150,sqrt,3,0.2,"{'model_gdb__n_estimators': 200, 'model_gdb__min_samples_split': 2, 'model_gdb__min_samples_leaf': 150, 'model_gdb__max_features': 'sqrt', 'model_gdb__max_depth': 3, 'model_gdb__learning_rate': 0.2}",0.8334036242668623,0.7899134725166543,0.7864426407792106,0.8224955044601048,0.8283557894401702,0.8121222062926003,0.019883164881696162,62,0.8295788683235674,0.8420812330105927,0.8287653440634409,0.8299669804114902,0.8297749370768897,0.8320334725771961,0.005040527913390615
2.3223703384399412,0.09817769682862393,0.09102911949157715,0.010787230555910986,100,5,100,log2,8,0.01,"{'model_gdb__n_estimators': 100, 'model_gdb__min_samples_split': 5, 'model_gdb__min_samples_leaf': 100, 'model_gdb__max_features': 'log2', 'model_gdb__max_depth': 8, 'model_gdb__learning_rate': 0.01}",0.5146789029258416,0.4328051404866037,0.4365955666461443,0.4789311793213372,0.48355998351291274,0.46931415457856784,0.03084414143982648,98,0.4755659819597132,0.46441299583847206,0.47877850632931396,0.4780504212551907,0.4755459746652423,0.4744707760095864,0.005193936287338452
3.0441182613372804,0.15414604197040432,0.1077244758605957,0.017293469888424184,100,2,50,log2,10,0.1,"{'model_gdb__n_estimators': 100, 'model_gdb__min_samples_split': 2, 'model_gdb__min_samples_leaf': 50, 'model_gdb__max_features': 'log2', 'model_gdb__max_depth': 10, 'model_gdb__learning_rate': 0.1}",0.8616355582818578,0.8038218812159397,0.8203831111885072,0.8541012298250612,0.8500356199532626,0.8379954800929257,0.02209635190568773,45,0.8679573891129265,0.8618549221134821,0.871730784169229,0.8690381390453024,0.8580149331110415,0.8657192335103963,0.005028963372113557
1.9644856452941895,0.10308434937000209,0.044712495803833005,0.0049602770281185265,100,8,100,15,3,0.1,"{'model_gdb__n_estimators': 100, 'model_gdb__min_samples_split': 8, 'model_gdb__min_samples_leaf': 100, 'model_gdb__max_features': 15, 'model_gdb__max_depth': 3, 'model_gdb__learning_rate': 0.1}",0.8118210089501127,0.764044019022823,0.765841420885653,0.8063694017001956,0.8098607947904978,0.7915873290698564,0.02183262118374798,66,0.8064700073261597,0.807928997366071,0.806326812791549,0.8102086213082955,0.8122136368958863,0.8086296151375922,0.0022713935043033933
6.315067434310913,0.07620045997634083,0.14785318374633788,0.031185322609914502,100,5,150,15,10,0.01,"{'model_gdb__n_estimators': 100, 'model_gdb__min_samples_split': 5, 'model_gdb__min_samples_leaf': 150, 'model_gdb__max_features': 15, 'model_gdb__max_depth': 10, 'model_gdb__learning_rate': 0.01}",0.6014988161430153,0.5238269955977045,0.5175360011660655,0.5631468174040697,0.5662649659828465,0.5544547192587402,0.03075461185504547,92,0.5628125055838096,0.5672010038821536,0.5640904061499243,0.5607047890248331,0.5578151863882033,0.5625247782057847,0.0031589137432629635
2.06113224029541,0.12698184314464275,0.083740234375,0.010104095297513504,100,10,150,log2,8,0.01,"{'model_gdb__n_estimators': 100, 'model_gdb__min_samples_split': 10, 'model_gdb__min_samples_leaf': 150, 'model_gdb__max_features': 'log2', 'model_gdb__max_depth': 8, 'model_gdb__learning_rate': 0.01}",0.48858191834448816,0.42166697417100707,0.408583168576526,0.4465588863021819,0.4411227059042976,0.44130273065970016,0.027273114398549722,99,0.45028961557929936,0.4541531188816966,0.44849269506846057,0.4439216575915076,0.4354900913973071,0.4464694357036542,0.006399429890640931
5.784259033203125,0.2370615492319362,0.22786312103271483,0.009624564644241653,300,2,50,log2,6,0.01,"{'model_gdb__n_estimators': 300, 'model_gdb__min_samples_split': 2, 'model_gdb__min_samples_leaf': 50, 'model_gdb__max_features': 'log2', 'model_gdb__max_depth': 6, 'model_gdb__learning_rate': 0.01}",0.7621850957884113,0.7026429845529147,0.7022066837797816,0.7383594825775697,0.7484578134700223,0.7307704120337399,0.024348959998934248,79,0.7440053839677176,0.7470761323884576,0.7475529796906453,0.7390033892778541,0.7449342276931057,0.744514422603556,0.0030529340365145646
5.62373914718628,0.32846402166218674,0.2490488052368164,0.08695406871049943,350,5,50,log2,5,0.01,"{'model_gdb__n_estimators': 350, 'model_gdb__min_samples_split': 5, 'model_gdb__min_samples_leaf': 50, 'model_gdb__max_features': 'log2', 'model_gdb__max_depth': 5, 'model_gdb__learning_rate': 0.01}",0.7680617530442857,0.7021698680155679,0.7090046481383466,0.7396472953194364,0.7543453960102532,0.7346457921055779,0.0254631882658278,77,0.7528809524517039,0.7474874134519283,0.7488602830626856,0.7453005880335508,0.7477162493864248,0.7484490972772587,0.002497415716540205
8.96875720024109,0.3021437451903156,0.1853078842163086,0.03132227499552569,300,5,100,15,5,0.2,"{'model_gdb__n_estimators': 300, 'model_gdb__min_samples_split': 5, 'model_gdb__min_samples_leaf': 100, 'model_gdb__max_features': 15, 'model_gdb__max_depth': 5, 'model_gdb__learning_rate': 0.2}",0.8713142779472406,0.8453165767268063,0.8416356499212432,0.8656047999081715,0.8674666361412218,0.8582675881289367,0.012272109363294889,21,0.9107170552060113,0.9077891691977342,0.9078767395489488,0.9087227062948458,0.9078635725061964,0.9085938485507473,0.0011153177217315667
5.072739028930664,0.28485861679408303,0.12831764221191405,0.021946043191074002,350,8,100,sqrt,3,0.01,"{'model_gdb__n_estimators': 350, 'model_gdb__min_samples_split': 8, 'model_gdb__min_samples_leaf': 100, 'model_gdb__max_features': 'sqrt', 'model_gdb__max_depth': 3, 'model_gdb__learning_rate': 0.01}",0.7220862218859212,0.651923106668301,0.6604378533331712,0.6972449594924728,0.6966263106303672,0.6856636904020466,0.025906275232956313,84,0.6979913630591489,0.6933345611972217,0.7023118461400424,0.6977456311520478,0.6951658421868719,0.6973098487470666,0.0030355896038664495
3.4442344188690184,0.11942158150142805,0.0996826171875,0.015413511276727672,100,8,150,sqrt,8,0.2,"{'model_gdb__n_estimators': 100, 'model_gdb__min_samples_split': 8, 'model_gdb__min_samples_leaf': 150, 'model_gdb__max_features': 'sqrt', 'model_gdb__max_depth': 8, 'model_gdb__learning_rate': 0.2}",0.8459153083765685,0.7986786428701413,0.8049333742341332,0.826636044954166,0.8448513231091197,0.8242029387088257,0.01962910376984718,57,0.8434817005675587,0.8606454734445703,0.8516404073476941,0.8445097009760254,0.8490573077875065,0.849866918024671,0.006155465320115945
3.564656209945679,0.13350019638566415,0.09202156066894532,0.024794246020152903,100,10,150,15,6,0.2,"{'model_gdb__n_estimators': 100, 'model_gdb__min_samples_split': 10, 'model_gdb__min_samples_leaf': 150, 'model_gdb__max_features': 15, 'model_gdb__max_depth': 6, 'model_gdb__learning_rate': 0.2}",0.8508694458848713,0.8135060304058739,0.8055443477282405,0.8423585566821175,0.8363972740515015,0.8297351309505208,0.017314571857478967,51,0.8506621923300411,0.8674423486725473,0.8565691719066262,0.8596170237900342,0.8494794741027811,0.8567540421604061,0.006519213322181389
12.127737188339234,0.4359581484936966,0.34452109336853026,0.027216069641794464,300,2,100,sqrt,10,0.2,"{'model_gdb__n_estimators': 300, 'model_gdb__min_samples_split': 2, 'model_gdb__min_samples_leaf': 100, 'model_gdb__max_features': 'sqrt', 'model_gdb__max_depth': 10, 'model_gdb__learning_rate': 0.2}",0.8757792558533459,0.8327424352804055,0.837042925092211,0.8744684088086008,0.8820852505027431,0.8604236551074612,0.02104843349525751,18,0.9247893842779589,0.9207301008209529,0.9263579670787336,0.9244385396084643,0.925114116059708,0.9242860215691635,0.001892083867928208
7.071417427062988,0.28192371306529923,0.3182122230529785,0.02938257758382861,300,5,150,log2,10,0.2,"{'model_gdb__n_estimators': 300, 'model_gdb__min_samples_split': 5, 'model_gdb__min_samples_leaf': 150, 'model_gdb__max_features': 'log2', 'model_gdb__max_depth': 10, 'model_gdb__learning_rate': 0.2}",0.8618405669348697,0.8172510444310398,0.8205580193175421,0.85010105337798,0.8614132351825163,0.8422327838487895,0.019535338533650196,43,0.880263067903716,0.8844041406036246,0.8858343104146003,0.880532103650663,0.8812295768260955,0.8824526398797399,0.002246001725744717
5.46511435508728,0.1627936337379192,0.10665264129638671,0.012541040181582823,300,5,100,15,3,0.1,"{'model_gdb__n_estimators': 300, 'model_gdb__min_samples_split': 5, 'model_gdb__min_samples_leaf': 100, 'model_gdb__max_features': 15, 'model_gdb__max_depth': 3, 'model_gdb__learning_rate': 0.1}",0.8476605946330871,0.8131974508369529,0.8144144942893894,0.8456161474097801,0.8494973813457021,0.8340772137029824,0.01660134832350127,48,0.8555714057551772,0.8546399766458982,0.8535801817789417,0.8566903740257351,0.8533694465415755,0.8547702769494656,0.0012429167841270133
9.954247236251831,0.4022432631360446,0.2743330478668213,0.011115013534588412,300,5,100,sqrt,8,0.2,"{'model_gdb__n_estimators': 300, 'model_gdb__min_samples_split': 5, 'model_gdb__min_samples_leaf': 100, 'model_gdb__max_features': 'sqrt', 'model_gdb__max_depth': 8, 'model_gdb__learning_rate': 0.2}",0.8758229328898776,0.8426079485506289,0.8345862990294374,0.8732590365147284,0.8773723916627131,0.8607297217294771,0.0182955974389773,16,0.9170504373746536,0.9163847150495767,0.918766870326519,0.9194507660686632,0.9164362426370182,0.9176178062912861,0.0012584596830710131
6.224277925491333,0.0650390013850737,0.1184957504272461,0.014825831645549212,200,5,50,15,5,0.1,"{'model_gdb__n_estimators': 200, 'model_gdb__min_samples_split': 5, 'model_gdb__min_samples_leaf': 50, 'model_gdb__max_features': 15, 'model_gdb__max_depth': 5, 'model_gdb__learning_rate': 0.1}",0.8782324671959747,0.8437432258672732,0.841043790793117,0.8724577038290972,0.881963992278386,0.8634882359927696,0.01750894527115861,13,0.8988661121789328,0.8967379682802136,0.9009385714043064,0.9000339405891785,0.8973606527869071,0.8987874490479077,0.0015762852172366624
7.909857511520386,0.2700545377615422,0.314937162399292,0.01789806067959682,350,2,100,log2,8,0.01,"{'model_gdb__n_estimators': 350, 'model_gdb__min_samples_split': 2, 'model_gdb__min_samples_leaf': 100, 'model_gdb__max_features': 'log2', 'model_gdb__max_depth': 8, 'model_gdb__learning_rate': 0.01}",0.7735327962054731,0.7031169485693276,0.6960682732609336,0.7503906493268605,0.7514770426205812,0.7349171419966353,0.030084266292558965,76,0.7489280904637392,0.7505000176009993,0.747172449251848,0.7463920316780341,0.7482538517225656,0.7482492881434373,0.0014237668407544833
10.187502813339233,0.2581439717121972,0.2906456470489502,0.03945768154752766,300,8,100,sqrt,8,0.2,"{'model_gdb__n_estimators': 300, 'model_gdb__min_samples_split': 8, 'model_gdb__min_samples_leaf': 100, 'model_gdb__max_features': 'sqrt', 'model_gdb__max_depth': 8, 'model_gdb__learning_rate': 0.2}",0.8781621015898191,0.832653564952395,0.8358970593934687,0.8690059064055391,0.8872372515753247,0.8605911767833092,0.022270464581912106,17,0.9192501231514228,0.9149751144858491,0.9198779087749074,0.9179665977231207,0.9183287627988961,0.9180797013868393,0.0016921418834740553
9.23782958984375,0.2638049806331457,0.25581960678100585,0.01474341347536828,350,8,50,sqrt,6,0.1,"{'model_gdb__n_estimators': 350, 'model_gdb__min_samples_split': 8, 'model_gdb__min_samples_leaf': 50, 'model_gdb__max_features': 'sqrt', 'model_gdb__max_depth': 6, 'model_gdb__learning_rate': 0.1}",0.8823377253009054,0.859047731157615,0.8478695458372786,0.8814371508358219,0.8912738719898,0.8723932050242842,0.016227615703381902,6,0.9176292844898806,0.9156620691571503,0.9195900394987511,0.9160463366270235,0.9138427796622299,0.9165541018870071,0.0019379241971179365
4.192719459533691,0.17478241444890433,0.08964643478393555,0.005354474695536272,100,10,100,15,6,0.01,"{'model_gdb__n_estimators': 100, 'model_gdb__min_samples_split': 10, 'model_gdb__min_samples_leaf': 100, 'model_gdb__max_features': 15, 'model_gdb__max_depth': 6, 'model_gdb__learning_rate': 0.01}",0.5835564430282816,0.5212949948903043,0.5136932438604789,0.5530639342643989,0.5636523549014438,0.5470521941889815,0.026155379639633537,94,0.5505653984421082,0.5618806194223804,0.5542790062317187,0.5546993740332493,0.5586430050816598,0.5560134806422232,0.003892418106084526
8.8182963848114,0.1501390499361587,0.36374311447143554,0.05014845776563186,300,10,50,log2,10,0.1,"{'model_gdb__n_estimators': 300, 'model_gdb__min_samples_split': 10, 'model_gdb__min_samples_leaf': 50, 'model_gdb__max_features': 'log2', 'model_gdb__max_depth': 10, 'model_gdb__learning_rate': 0.1}",0.8801625824892338,0.8573264561202021,0.8464629617239361,0.8745160223900734,0.8875196243206231,0.8691975294088137,0.015112914129626776,9,0.9166686786761907,0.9165223218720079,0.9173976151326333,0.9156894714267636,0.9111398631751347,0.9154835900565461,0.0022386264168749847
3.5929888248443604,0.2673795037517807,0.11161012649536133,0.005240782861043684,350,8,100,log2,3,0.1,"{'model_gdb__n_estimators': 350, 'model_gdb__min_samples_split': 8, 'model_gdb__min_samples_leaf': 100, 'model_gdb__max_features': 'log2', 'model_gdb__max_depth': 3, 'model_gdb__learning_rate': 0.1}",0.8182874348915329,0.7856327696051026,0.7871214992705189,0.8285984410636561,0.8271899458784693,0.809366018141856,0.019106312434109242,63,0.8217385299599684,0.8247771042894274,0.8277504936138536,0.8297205325519319,0.8270999135686202,0.8262173147967603,0.0027399223506198297
6.067529201507568,0.20706806858436588,0.1109654426574707,0.007601946201985331,100,8,100,15,10,0.2,"{'model_gdb__n_estimators': 100, 'model_gdb__min_samples_split': 8, 'model_gdb__min_samples_leaf': 100, 'model_gdb__max_features': 15, 'model_gdb__max_depth': 10, 'model_gdb__learning_rate': 0.2}",0.8664865951168245,0.8192154402287042,0.8202750699050338,0.8585436314121553,0.8685266194644445,0.8466094712254325,0.02218927329878317,36,0.8919251881024047,0.8915817287159555,0.8938439135399123,0.8896188505032246,0.890027351999238,0.891399406572147,0.0015058695536302662
15.145811557769775,0.3662180378370215,0.3438436985015869,0.04521118525915039,300,2,150,15,8,0.01,"{'model_gdb__n_estimators': 300, 'model_gdb__min_samples_split': 2, 'model_gdb__min_samples_leaf': 150, 'model_gdb__max_features': 15, 'model_gdb__max_depth': 8, 'model_gdb__learning_rate': 0.01}",0.7927480370616319,0.7212973799560444,0.7178275417141592,0.7660457339717803,0.7642310123375476,0.7524299410082327,0.028694133081491165,73,0.7588209084360069,0.7749375517209992,0.7685282907696038,0.7614901261424345,0.7578042902993695,0.7643162334736828,0.006498379979623029
9.705352210998536,0.19258283566949277,0.27228422164916993,0.016378846988919372,350,10,150,sqrt,6,0.01,"{'model_gdb__n_estimators': 350, 'model_gdb__min_samples_split': 10, 'model_gdb__min_samples_leaf': 150, 'model_gdb__max_features': 'sqrt', 'model_gdb__max_depth': 6, 'model_gdb__learning_rate': 0.01}",0.7733142161209261,0.7044888986431601,0.7026939663908426,0.7512696698959554,0.7471298912540544,0.7357793284609877,0.027753867934514696,75,0.7426410853553258,0.753039941286419,0.7495511973934841,0.7478933557566758,0.7423370428056251,0.747092524519506,0.0041106711406891745
2.7435999870300294,0.1458958693400626,0.06536555290222168,0.00297152343895356,200,5,100,sqrt,3,0.2,"{'model_gdb__n_estimators': 200, 'model_gdb__min_samples_split': 5, 'model_gdb__min_samples_leaf': 100, 'model_gdb__max_features': 'sqrt', 'model_gdb__max_depth': 3, 'model_gdb__learning_rate': 0.2}",0.8407152454785937,0.8055051371638376,0.8101929742985865,0.839577453535369,0.8396975970599913,0.8271376815072756,0.015823651458222444,54,0.8498501951901455,0.8454240749215753,0.8500149824183234,0.8541200989567395,0.8449911720314287,0.8488801047036425,0.0033691097321197246
9.178190231323242,0.3345245332203184,0.17115225791931152,0.01282271244193923,200,5,150,15,8,0.2,"{'model_gdb__n_estimators': 200, 'model_gdb__min_samples_split': 5, 'model_gdb__min_samples_leaf': 150, 'model_gdb__max_features': 15, 'model_gdb__max_depth': 8, 'model_gdb__learning_rate': 0.2}",0.863575687593185,0.8196102394311573,0.8196284516225368,0.8484052070268574,0.8646963506202512,0.8431831872587976,0.02008207757350505,42,0.888121777486169,0.8958558801542919,0.8965485342649577,0.8926332546074174,0.8900065880403669,0.8926332069106406,0.003254766758793942
17.530547046661376,0.5591418159035968,0.5173882007598877,0.031313327969818,400,2,50,sqrt,10,0.1,"{'model_gdb__n_estimators': 400, 'model_gdb__min_samples_split': 2, 'model_gdb__min_samples_leaf': 50, 'model_gdb__max_features': 'sqrt', 'model_gdb__max_depth': 10, 'model_gdb__learning_rate': 0.1}",0.8868615663624065,0.86570158558513,0.8611043125366721,0.8818197255299199,0.8981152227694269,0.8787204825567111,0.013651810319431204,1,0.9397348263737821,0.9384068866085109,0.9453706922841505,0.9403217876127229,0.9376895008519212,0.9403047387462176,0.0026992698273778006
2.3820316791534424,0.031803547500754134,0.05027756690979004,0.004873598478123813,100,5,100,15,4,0.2,"{'model_gdb__n_estimators': 100, 'model_gdb__min_samples_split': 5, 'model_gdb__min_samples_leaf': 100, 'model_gdb__max_features': 15, 'model_gdb__max_depth': 4, 'model_gdb__learning_rate': 0.2}",0.8445745017148812,0.8066320270079246,0.8087321297444852,0.8386893683508663,0.8356122131457415,0.8268480479927798,0.015925631030838477,55,0.8537903784010796,0.8570512992482548,0.8522994991347044,0.8599952810893509,0.8528844787338895,0.855204187321456,0.002904600455129879
3.8267517566680906,0.1394936847522533,0.0813441276550293,0.0062613184004117525,200,5,100,15,3,0.01,"{'model_gdb__n_estimators': 200, 'model_gdb__min_samples_split': 5, 'model_gdb__min_samples_leaf': 100, 'model_gdb__max_features': 15, 'model_gdb__max_depth': 3, 'model_gdb__learning_rate': 0.01}",0.6578317088431206,0.5864967811792847,0.596812680032915,0.6178912480120279,0.6287175524625737,0.6175499941059843,0.02506705241577598,89,0.6268696383088899,0.625420866423287,0.6351317862166754,0.620915991252353,0.6268281335212191,0.6270332831444849,0.004597298462940255
8.565823125839234,0.12692081901907729,0.2039799690246582,0.04836823810649524,350,2,100,15,4,0.01,"{'model_gdb__n_estimators': 350, 'model_gdb__min_samples_split': 2, 'model_gdb__min_samples_leaf': 100, 'model_gdb__max_features': 15, 'model_gdb__max_depth': 4, 'model_gdb__learning_rate': 0.01}",0.7760637961194177,0.7165109104010186,0.7230246880439697,0.7525712743124767,0.7583149277226174,0.7452971193199001,0.022332362555781676,74,0.7553766494239699,0.7645904913770739,0.7610775194369022,0.7520867817259435,0.7561524130863093,0.7578567710100397,0.004428652746897322
2.333070087432861,0.16249526415220003,0.09240851402282715,0.00843198775806117,100,2,100,log2,8,0.2,"{'model_gdb__n_estimators': 100, 'model_gdb__min_samples_split': 2, 'model_gdb__min_samples_leaf': 100, 'model_gdb__max_features': 'log2', 'model_gdb__max_depth': 8, 'model_gdb__learning_rate': 0.2}",0.8474698022550028,0.7977073247648525,0.8042090755127532,0.8398295713492305,0.8477032946622121,0.8273838137088102,0.021858580062914183,53,0.8473310503272328,0.8554500443643835,0.8498156824071698,0.8454164143468034,0.8540951113861229,0.8504216605663425,0.0038405847326531475
2.7515947818756104,0.07146285097034598,0.07467617988586425,0.005715871902590489,100,10,100,sqrt,6,0.2,"{'model_gdb__n_estimators': 100, 'model_gdb__min_samples_split': 10, 'model_gdb__min_samples_leaf': 100, 'model_gdb__max_features': 'sqrt', 'model_gdb__max_depth': 6, 'model_gdb__learning_rate': 0.2}",0.8476402853472162,0.8080263736474045,0.818514333969727,0.8449053192909999,0.8493256443437925,0.833682391319828,0.01705162449552154,49,0.8594654736551905,0.8622653846304464,0.8598716360292405,0.8661220496388948,0.8602447089639443,0.8615938505835434,0.002460558436248456
5.411255598068237,0.259564125848351,0.16162323951721191,0.024980664290268573,200,5,100,sqrt,6,0.2,"{'model_gdb__n_estimators': 200, 'model_gdb__min_samples_split': 5, 'model_gdb__min_samples_leaf': 100, 'model_gdb__max_features': 'sqrt', 'model_gdb__max_depth': 6, 'model_gdb__learning_rate': 0.2}",0.8649652239781627,0.8283210698646769,0.83813469322905,0.8674041954352274,0.8660703046097364,0.8529790974233705,0.01644083359811895,26,0.8945518358327095,0.8917106576743741,0.8935477357251974,0.8945717870989889,0.8929545166906437,0.8934673066043827,0.0010725034836743857
6.278258037567139,0.1958103575653236,0.2436964988708496,0.01658963789611861,400,2,50,log2,5,0.1,"{'model_gdb__n_estimators': 400, 'model_gdb__min_samples_split': 2, 'model_gdb__min_samples_leaf': 50, 'model_gdb__max_features': 'log2', 'model_gdb__max_depth': 5, 'model_gdb__learning_rate': 0.1}",0.8745706159502448,0.8491126803816278,0.8408024204453033,0.8674333462041265,0.8800666672770803,0.8623971460516765,0.015023833491057684,14,0.8948061112648579,0.8982716247798238,0.9007720333370166,0.8951954060138898,0.8922749796498374,0.8962640310090851,0.0029506791707884683
2.7676299571990968,0.123535083593621,0.10455656051635742,0.0068376407915390095,100,8,50,log2,8,0.01,"{'model_gdb__n_estimators': 100, 'model_gdb__min_samples_split': 8, 'model_gdb__min_samples_leaf': 50, 'model_gdb__max_features': 'log2', 'model_gdb__max_depth': 8, 'model_gdb__learning_rate': 0.01}",0.5468896982935743,0.48405089407168633,0.48728992191758436,0.5120736856162236,0.5247511570260289,0.5110110713850194,0.023523346122916542,96,0.5160465898870477,0.5213386710465817,0.5249177627548152,0.5145896840865537,0.5179187903141514,0.5189622996178299,0.0037369699979737034
5.634916687011719,0.23258811504559243,0.15696978569030762,0.06096107906052402,400,8,50,sqrt,3,0.1,"{'model_gdb__n_estimators': 400, 'model_gdb__min_samples_split': 8, 'model_gdb__min_samples_leaf': 50, 'model_gdb__max_features': 'sqrt', 'model_gdb__max_depth': 3, 'model_gdb__learning_rate': 0.1}",0.8689741392133208,0.8468207537486413,0.8353605889418562,0.8655265719369877,0.8754146369458152,0.8584193381573242,0.014946503630667143,20,0.8834610038246326,0.882789244182448,0.8884492120788204,0.8849305675594333,0.8830000480900178,0.8845260151470704,0.002099253904573138
3.5435431003570557,0.13405617857275384,0.109340238571167,0.01508234911947542,100,2,150,sqrt,8,0.01,"{'model_gdb__n_estimators': 100, 'model_gdb__min_samples_split': 2, 'model_gdb__min_samples_leaf': 150, 'model_gdb__max_features': 'sqrt', 'model_gdb__max_depth': 8, 'model_gdb__learning_rate': 0.01}",0.5512510025345901,0.4845417542396516,0.4734011000412244,0.5147548474196215,0.5185856942783594,0.5085068797026895,0.027475162036318022,97,0.5130687312778723,0.5236527146519548,0.5171575731661987,0.5132364801746903,0.5114211737154324,0.5157073345972296,0.0043970622074268025
11.43856701850891,0.2767939960023065,0.16635260581970215,0.005136839632601183,300,2,100,15,8,0.01,"{'model_gdb__n_estimators': 300, 'model_gdb__min_samples_split': 2, 'model_gdb__min_samples_leaf': 100, 'model_gdb__max_features': 15, 'model_gdb__max_depth': 8, 'model_gdb__learning_rate': 0.01}",0.8139738561060782,0.7386257983312923,0.7433765788042745,0.7853918621375531,0.7896287887829871,0.774199376832437,0.028847433326368337,71,0.7871412782538165,0.7928413319610933,0.7895444293528228,0.7857727706388201,0.786218364595852,0.788303634960481,0.0026166759300767953
6.364289140701294,0.8000666695687705,0.10499200820922852,0.018082560694619398,350,8,100,15,4,0.1,"{'model_gdb__n_estimators': 350, 'model_gdb__min_samples_split': 8, 'model_gdb__min_samples_leaf': 100, 'model_gdb__max_features': 15, 'model_gdb__max_depth': 4, 'model_gdb__learning_rate': 0.1}",0.8700636602854396,0.8306885212254419,0.8324940237550962,0.8564152898304865,0.8633816397699912,0.8506086269732911,0.016126468760250867,29,0.886186508582051,0.8795630570959083,0.880834324275963,0.880049703743538,0.8831415109346961,0.8819550209264314,0.002446259668788383
